question,options,rationale,correct
Mr. X died when his age was 1/59th of year of birth. What was his date of birth?,"['A)1947', 'B)1948', 'C)1980', 'D)2000', 'E)1998']","Let his age was x (when he died)and birth date is y then
y*(1/59)=x
y=59*x
now we put x value
59*32=1888
59*33=1947
59*34=2006
ANSWER:A",A
Every day a cyclist meets a train at a particular crossing. The road is straight before the crossing and both are travelling in the same direction. The cyclist travels with a speed of 10 kmph. One day the cyclist comes late by 25 min and meets the train 5km before the crossing. What is the speed of the train?,"['A)60 kmph', 'B)65 kmph', 'C)68 kmph', 'D)70 kmph', 'E)80 kmph']","Speed of the train = 60km/hr.
Speed of Cyclist travel = 10km/hr.
It means, Cyclist travels 5km in 30minutes.
If Cyclist comes late by 25 min and meets the train 5km before the crossing means, it shows
Train can travel 5Kms in 5minutes.
So, speed of train is (5 km/5min) = 1 km/1min = 60km per hour.
ANSWER:A",A
A rectangular piece of cloth 2 feet wide was cut lengthwise into two smaller rectangular pieces. The shorter piece was one-third of the length of the longer of the 2 new pieces and had an area of 12 square feet. What was the length Q in feet of the original piece of cloth before cutting?,"['A)6', 'B)18', 'C)24', 'D)36', 'E)48']","The question says, length of shorter piece is 1/3rd of the length of longer of the two new pieces
This means after I split it into two pieces, I have a shorter piece and a longer one. The length of shorter is 1/3rd the length of longer. The 6 I found out was length of shorter piece. Then, length of longer should be 18 and total length should be 24.",C
"Let A, B and C denote the vertices of a triangle with area 10. Let point D be on side AB,
point E be on side BC and point F be on side CA with AD = 2 and DB = 3. The area of
△ABE and the area of quadrilateral DBEF are the same. What is the value of this area?","['A)5.5', 'B)6', 'C)7', 'D)8', 'E)8.25']","First, note that 4AFD and 4AFE have the same area. Therefore, ED is parallel to AF.
Since 4DEB and 4ACB are similar, BE=EC = 3=2. Thus, the area of 4AEB is 3=5ths of the
area of 4ABC.
correct answer B",B
"The average age of the first seven people to arrive at Nikhil’s birthday is 21. When Vijay (29) arrived, the mean age is increased to 22. Marry (also 29) arrived next. The tenth and last person to arrive at Nikhil's party is Nikhil himself, and the mean age increased to 30 years. How old is Nikhil on his birthday?","['A)94', 'B)95', 'C)96', 'D)97', 'E)98']","Avg age of 1st 7 people tot/7=21
tot=147
Total after Vijay's arrival 147+29 = 176/8= 22
After Marry's arrival 176+29= 205
After Nikhils'  arrival the mean increased to 30
Let Nikhil's age be x
205+x/10=30
205+x=300
x=95
ANSWER:B",B
